Code,City,County,Zip Code Map,Complete,,,
99105,Benge,Adams,View Map,,,,
99341,Lind,Adams,View Map,,,,
99344,Othello,Adams,View Map,,,,
99169,Ritzville,Adams,View Map,,,,
99371,Washtucna,Adams,View Map,,,,
99401,Anatone,Asotin,View Map,,,,
99402,Asotin,Asotin,View Map,,,,
99403,Clarkston,Asotin,View Map,,,,
99320,Benton City,Benton,View Map,,,,
99336,Kennewick,Benton,View Map,,,,
99337,Kennewick,Benton,View Map,,,,
99338,Kennewick,Benton,View Map,,,,
99345,Paterson,Benton,View Map,,,,
99346,Plymouth,Benton,View Map,,,,
99350,Prosser,Benton,View Map,,,,
99352,Richland,Benton,View Map,,,,
99354,Richland,Benton,View Map,,,,
99353,West Richland,Benton,View Map,,,,
98811,Ardenvoir,Chelan,View Map,,,,
98815,Cashmere,Chelan,View Map,,,,
98816,Chelan,Chelan,View Map,,,,
98817,Chelan Falls,Chelan,View Map,,,,
98821,Dryden,Chelan,View Map,,,,
98822,Entiat,Chelan,View Map,,,,
98826,Leavenworth,Chelan,View Map,,,,
98828,Malaga,Chelan,View Map,,,,
98831,Manson,Chelan,View Map,,,,
98836,Monitor,Chelan,View Map,,,,
98847,Peshastin,Chelan,View Map,,,,
98852,Stehekin,Chelan,View Map,,,,
98801,Wenatchee,Chelan,View Map,,,,
98807,Wenatchee,Chelan,View Map,,,,
98305,Beaver,Clallam,View Map,,,,
98324,Carlsborg,Clallam,View Map,,,,
98326,Clallam Bay,Clallam,View Map,,,,
98331,Forks,Clallam,View Map,,,,
98343,Joyce,Clallam,View Map,,,,
98350,La Push,Clallam,View Map,,,,
98357,Neah Bay,Clallam,View Map,,,,
98362,Port Angeles,Clallam,View Map,,,,
98363,Port Angeles,Clallam,View Map,,,,
98381,Sekiu,Clallam,View Map,,,,
98382,Sequim,Clallam,View Map,,,,
98601,Amboy,Clark,View Map,,,,
98604,Battle Ground,Clark,View Map,,,,
98606,Brush Prairie,Clark,View Map,,,,
98607,Camas,Clark,View Map,,,,
98622,Heisson,Clark,View Map,,,,
98629,La Center,Clark,View Map,,,,
98642,Ridgefield,Clark,View Map,,,,
98660,Vancouver,Clark,View Map,,,,
98661,Vancouver,Clark,View Map,,,,
98662,Vancouver,Clark,View Map,,,,
98663,Vancouver,Clark,View Map,,,,
98664,Vancouver,Clark,View Map,,,,
98665,Vancouver,Clark,View Map,,,,
98666,Vancouver,Clark,View Map,,,,
98667,Vancouver,Clark,View Map,,,,
98668,Vancouver,Clark,View Map,,,,
98682,Vancouver,Clark,View Map,,,,
98683,Vancouver,Clark,View Map,,,,
98684,Vancouver,Clark,View Map,,,,
98685,Vancouver,Clark,View Map,,,,
98686,Vancouver,Clark,View Map,,,,
98687,Vancouver,Clark,View Map,,,,
98671,Washougal,Clark,View Map,,,,
98675,Yacolt,Clark,View Map,,,,
99328,Dayton,Columbia,View Map,,,,
99359,Starbuck,Columbia,View Map,,,,
98603,Ariel,Cowlitz,View Map,,,,
98609,Carrolls,Cowlitz,View Map,,,,
98611,Castle Rock,Cowlitz,View Map,,,,
98616,Cougar,Cowlitz,View Map,,,,
98625,Kalama,Cowlitz,View Map,,,,
98626,Kelso,Cowlitz,View Map,,,,
98632,Longview,Cowlitz,View Map,,,,
98581,Ryderwood,Cowlitz,View Map,,,,
98645,Silverlake,Cowlitz,View Map,,,,
98649,Toutle,Cowlitz,View Map,,,,
98674,Woodland,Cowlitz,View Map,,,,
98813,Bridgeport,Douglas,View Map,,,,
98802,East Wenatchee,Douglas,View Map,,,,
98830,Mansfield,Douglas,View Map,,,,
98843,Orondo,Douglas,View Map,,,,
98845,Palisades,Douglas,View Map,,,,
98850,Rock Island,Douglas,View Map,,,,
98858,Waterville,Douglas,View Map,,,,
99107,Boyds,Ferry,View Map,,,,
99118,Curlew,Ferry,View Map,,,,
99121,Danville,Ferry,View Map,,,,
99138,Inchelium,Ferry,View Map,,,,
99140,Keller,Ferry,View Map,,,,
99146,Laurier,Ferry,View Map,,,,
99150,Malo,Ferry,View Map,,,,
99160,Orient,Ferry,View Map,,,,
99166,Republic,Ferry,View Map,,,,
99326,Connell,Franklin,View Map,,,,
99330,Eltopia,Franklin,View Map,,,,
99335,Kahlotus,Franklin,View Map,,,,
99343,Mesa,Franklin,View Map,,,,
99301,Pasco,Franklin,View Map,,,,
99302,Pasco,Franklin,View Map,,,,
99347,Pomeroy,Garfield,View Map,,,,
99321,Beverly,Grant,View Map,,,,
99115,Coulee City,Grant,View Map,,,,
99123,Electric City,Grant,View Map,,,,
98823,Ephrata,Grant,View Map,,,,
98824,George,Grant,View Map,,,,
99133,Grand Coulee,Grant,View Map,,,,
99135,Hartline,Grant,View Map,,,,
98832,Marlin,Grant,View Map,,,,
99349,Mattawa,Grant,View Map,,,,
98837,Moses Lake,Grant,View Map,,,,
98848,Quincy,Grant,View Map,,,,
99357,Royal City,Grant,View Map,,,,
98851,Soap Lake,Grant,View Map,,,,
98853,Stratford,Grant,View Map,,,,
98857,Warden,Grant,View Map,,,,
98860,Wilson Creek,Grant,View Map,,,,
98520,Aberdeen,Grays Harbor,View Map,,,,
98526,Amanda Park,Grays Harbor,View Map,,,,
98535,Copalis Beach,Grays Harbor,View Map,,,,
98536,Copalis Crossing,Grays Harbor,View Map,,,,
98537,Cosmopolis,Grays Harbor,View Map,,,,
98541,Elma,Grays Harbor,View Map,,,,
98547,Grayland,Grays Harbor,View Map,,,,
98550,Hoquiam,Grays Harbor,View Map,,,,
98552,Humptulips,Grays Harbor,View Map,,,,
98559,Malone,Grays Harbor,View Map,,,,
98557,Mccleary,Grays Harbor,View Map,,,,
98562,Moclips,Grays Harbor,View Map,,,,
98563,Montesano,Grays Harbor,View Map,,,,
98566,Neilton,Grays Harbor,View Map,,,,
98568,Oakville,Grays Harbor,View Map,,,,
98569,Ocean Shores,Grays Harbor,View Map,,,,
98571,Pacific Beach,Grays Harbor,View Map,,,,
98575,Quinault,Grays Harbor,View Map,,,,
98583,Satsop,Grays Harbor,View Map,,,,
98587,Taholah,Grays Harbor,View Map,,,,
98595,Westport,Grays Harbor,View Map,,,,
98282,Camano Island,Island,View Map,,,,
98236,Clinton,Island,View Map,,,,
98239,Coupeville,Island,View Map,,,,
98249,Freeland,Island,View Map,,,,
98253,Greenbank,Island,View Map,,,,
98260,Langley,Island,View Map,,,,
98277,Oak Harbor,Island,View Map,,,,
98278,Oak Harbor,Island,View Map,,,,
98320,Brinnon,Jefferson,View Map,,,,
98325,Chimacum,Jefferson,View Map,,,,
98358,Nordland,Jefferson,View Map,,,,
98339,Port Hadlock,Jefferson,View Map,,,,
98365,Port Ludlow,Jefferson,View Map,,,,
98368,Port Townsend,Jefferson,View Map,,,,
98376,Quilcene,Jefferson,View Map,,,,
98001,Auburn,King,View Map,,,,
98002,Auburn,King,View Map,,,,
98071,Auburn,King,View Map,,,,
98092,Auburn,King,View Map,,,,
98224,Baring,King,View Map,,,,
98004,Bellevue,King,View Map,x,,,
98005,Bellevue,King,View Map,x,,,
98006,Bellevue,King,View Map,x,,,
98007,Bellevue,King,View Map,x,,,
98008,Bellevue,King,View Map,x,,,
98009,Bellevue,King,View Map,,,,
98015,Bellevue,King,View Map,,,,
98010,Black Diamond,King,View Map,,,,
98011,Bothell,King,View Map,x,,,
98041,Bothell,King,View Map,,,,
98013,Burton,King,View Map,,,,
98014,Carnation,King,View Map,x,,,
98019,Duvall,King,View Map,x,,,
98022,Enumclaw,King,View Map,,,,
98024,Fall City,King,View Map,,,,
98003,Federal Way,King,View Map,,,,
98023,Federal Way,King,View Map,,,,
98063,Federal Way,King,View Map,,,,
98093,Federal Way,King,View Map,,,,
98025,Hobart,King,View Map,,,,
98027,Issaquah,King,View Map,x,,,
98029,Issaquah,King,View Map,x,,,
98028,Kenmore,King,View Map,,,,
98030,Kent,King,View Map,,,,
98031,Kent,King,View Map,,,,
98032,Kent,King,View Map,,,,
98035,Kent,King,View Map,,,,
98042,Kent,King,View Map,,,,
98064,Kent,King,View Map,,,,
98089,Kent,King,View Map,,,,
98033,Kirkland,King,View Map,x,,,
98034,Kirkland,King,View Map,x,,,
98083,Kirkland,King,View Map,,,,
98038,Maple Valley,King,View Map,,,,
98039,Medina,King,View Map,x,,,
98040,Mercer Island,King,View Map,x,,,
98045,North Bend,King,View Map,,,,
98047,Pacific,King,View Map,,,,
98050,Preston,King,View Map,,,,
98051,Ravensdale,King,View Map,,,,
98052,Redmond,King,View Map,x,,,
98053,Redmond,King,View Map,x,,,
98073,Redmond,King,View Map,???,,,
98054,Redondo,King,View Map,,,,
98055,Renton,King,View Map,,,,
98056,Renton,King,View Map,,,,
98057,Renton,King,View Map,,,,
98058,Renton,King,View Map,,,,
98059,Renton,King,View Map,,,,
98074,Sammamish,King,View Map,???,,,
98075,Sammamish,King,View Map,???,,,
98062,Seahurst,King,View Map,,,,
98101,Seattle,King,View Map,X,,,
98102,Seattle,King,View Map,X,,,
98103,Seattle,King,View Map,X,,,
98104,Seattle,King,View Map,X,,,
98105,Seattle,King,View Map,X,,,
98106,Seattle,King,View Map,X,,,
98107,Seattle,King,View Map,X,,,
98108,Seattle,King,View Map,X,,,
98109,Seattle,King,View Map,X,,,
98111,Seattle,King,View Map,,,,
98112,Seattle,King,View Map,X,,,
98113,Seattle,King,View Map,,,,
98114,Seattle,King,View Map,,,,
98115,Seattle,King,View Map,x,,,
98116,Seattle,King,View Map,x,,,
98117,Seattle,King,View Map,x,,,
98118,Seattle,King,View Map,x,,,
98119,Seattle,King,View Map,x,,,
98121,Seattle,King,View Map,x,,,
98122,Seattle,King,View Map,x,,,
98124,Seattle,King,View Map,,,,
98125,Seattle,King,View Map,X,,,
98126,Seattle,King,View Map,X,,,
98127,Seattle,King,View Map,,,,
98129,Seattle,King,View Map,,,,
98131,Seattle,King,View Map,,,,
98132,Seattle,King,View Map,,,,
98133,Seattle,King,View Map,X,,,
98134,Seattle,King,View Map,,,,
98136,Seattle,King,View Map,X,,,
98138,Seattle,King,View Map,,,,
98139,Seattle,King,View Map,,,,
98141,Seattle,King,View Map,,,,
98144,Seattle,King,View Map,X,,,
98145,Seattle,King,View Map,,,,
98146,Seattle,King,View Map,X,,,
98148,Seattle,King,View Map,X,,,
98151,Seattle,King,View Map,,,,
98154,Seattle,King,View Map,,,,
98155,Seattle,King,View Map,X,,,
98158,Seattle,King,View Map,,,,
98160,Seattle,King,View Map,,,,
98161,Seattle,King,View Map,,,,
98164,Seattle,King,View Map,,,,
98165,Seattle,King,View Map,,,,
98166,Seattle,King,View Map,X,,,
98168,Seattle,King,View Map,X,,,
98170,Seattle,King,View Map,,,,
98171,Seattle,King,View Map,,,,
98174,Seattle,King,View Map,,,,
98175,Seattle,King,View Map,,,,
98177,Seattle,King,View Map,X,,,
98178,Seattle,King,View Map,X,,,
98181,Seattle,King,View Map,,,,
98184,Seattle,King,View Map,,,,
98185,Seattle,King,View Map,,,,
98188,Seattle,King,View Map,X,,,
98190,Seattle,King,View Map,,,,
98191,Seattle,King,View Map,,,,
98194,Seattle,King,View Map,,,,
98195,Seattle,King,View Map,,,,
98198,Seattle,King,View Map,X,,,
98199,Seattle,King,View Map,x,,,
98288,Skykomish,King,View Map,,,,
98065,Snoqualmie,King,View Map,,,,
98070,Vashon,King,View Map,,,,
98072,Woodinville,King,View Map,,,,
98077,Woodinville,King,View Map,,,,
98110,Bainbridge Island,Kitsap,View Map,,,,
98310,Bremerton,Kitsap,View Map,,,,
98311,Bremerton,Kitsap,View Map,,,,
98312,Bremerton,Kitsap,View Map,,,,
98314,Bremerton,Kitsap,View Map,,,,
98337,Bremerton,Kitsap,View Map,,,,
98322,Burley,Kitsap,View Map,,,,
98340,Hansville,Kitsap,View Map,,,,
98342,Indianola,Kitsap,View Map,,,,
98345,Keyport,Kitsap,View Map,,,,
98346,Kingston,Kitsap,View Map,,,,
98353,Manchester,Kitsap,View Map,,,,
98359,Olalla,Kitsap,View Map,,,,
98364,Port Gamble,Kitsap,View Map,,,,
98366,Port Orchard,Kitsap,View Map,,,,
98367,Port Orchard,Kitsap,View Map,,,,
98370,Poulsbo,Kitsap,View Map,,,,
98378,Retsil,Kitsap,View Map,,,,
98061,Rollingbay,Kitsap,View Map,,,,
98380,Seabeck,Kitsap,View Map,,,,
98315,Silverdale,Kitsap,View Map,,,,
98383,Silverdale,Kitsap,View Map,,,,
98384,South Colby,Kitsap,View Map,,,,
98386,Southworth,Kitsap,View Map,,,,
98392,Suquamish,Kitsap,View Map,,,,
98393,Tracyton,Kitsap,View Map,,,,
98922,Cle Elum,Kittitas,View Map,,,,
98925,Easton,Kittitas,View Map,,,,
98926,Ellensburg,Kittitas,View Map,,,,
98934,Kittitas,Kittitas,View Map,,,,
98940,Ronald,Kittitas,View Map,,,,
98941,Roslyn,Kittitas,View Map,,,,
98068,Snoqualmie Pass,Kittitas,View Map,,,,
98943,South Cle Elum,Kittitas,View Map,,,,
98946,Thorp,Kittitas,View Map,,,,
98950,Vantage,Kittitas,View Map,,,,
98602,Appleton,Klickitat,View Map,,,,
99322,Bickleton,Klickitat,View Map,,,,
98605,Bingen,Klickitat,View Map,,,,
98613,Centerville,Klickitat,View Map,,,,
98617,Dallesport,Klickitat,View Map,,,,
98619,Glenwood,Klickitat,View Map,,,,
98620,Goldendale,Klickitat,View Map,,,,
98623,Husum,Klickitat,View Map,,,,
98628,Klickitat,Klickitat,View Map,,,,
98635,Lyle,Klickitat,View Map,,,,
99356,Roosevelt,Klickitat,View Map,,,,
98650,Trout Lake,Klickitat,View Map,,,,
98670,Wahkiacus,Klickitat,View Map,,,,
98672,White Salmon,Klickitat,View Map,,,,
98673,Wishram,Klickitat,View Map,,,,
98522,Adna,Lewis,View Map,,,,
98531,Centralia,Lewis,View Map,,,,
98532,Chehalis,Lewis,View Map,,,,
98533,Cinebar,Lewis,View Map,,,,
98538,Curtis,Lewis,View Map,,,,
98539,Doty,Lewis,View Map,,,,
98542,Ethel,Lewis,View Map,,,,
98544,Galvin,Lewis,View Map,,,,
98336,Glenoma,Lewis,View Map,,,,
98355,Mineral,Lewis,View Map,,,,
98356,Morton,Lewis,View Map,,,,
98564,Mossyrock,Lewis,View Map,,,,
98565,Napavine,Lewis,View Map,,,,
98570,Onalaska,Lewis,View Map,,,,
98361,Packwood,Lewis,View Map,,,,
98572,Pe Ell,Lewis,View Map,,,,
98377,Randle,Lewis,View Map,,,,
98582,Salkum,Lewis,View Map,,,,
98585,Silver Creek,Lewis,View Map,,,,
98591,Toledo,Lewis,View Map,,,,
98593,Vader,Lewis,View Map,,,,
98596,Winlock,Lewis,View Map,,,,
99103,Almira,Lincoln,View Map,,,,
99117,Creston,Lincoln,View Map,,,,
99122,Davenport,Lincoln,View Map,,,,
99008,Edwall,Lincoln,View Map,,,,
99134,Harrington,Lincoln,View Map,,,,
99144,Lamona,Lincoln,View Map,,,,
99147,Lincoln,Lincoln,View Map,,,,
99154,Mohler,Lincoln,View Map,,,,
99159,Odessa,Lincoln,View Map,,,,
99029,Reardan,Lincoln,View Map,,,,
99032,Sprague,Lincoln,View Map,,,,
99185,Wilbur,Lincoln,View Map,,,,
98524,Allyn,Mason,View Map,,,,
98528,Belfair,Mason,View Map,,,,
98546,Grapeview,Mason,View Map,,,,
98548,Hoodsport,Mason,View Map,,,,
98555,Lilliwaup,Mason,View Map,,,,
98560,Matlock,Mason,View Map,,,,
98584,Shelton,Mason,View Map,,,,
98588,Tahuya,Mason,View Map,,,,
98592,Union,Mason,View Map,,,,
98812,Brewster,Okanogan,View Map,,,,
98814,Carlton,Okanogan,View Map,,,,
98819,Conconully,Okanogan,View Map,,,,
99116,Coulee Dam,Okanogan,View Map,,,,
99124,Elmer City,Okanogan,View Map,,,,
98827,Loomis,Okanogan,View Map,,,,
98829,Malott,Okanogan,View Map,,,,
98833,Mazama,Okanogan,View Map,,,,
98834,Methow,Okanogan,View Map,,,,
99155,Nespelem,Okanogan,View Map,,,,
98840,Okanogan,Okanogan,View Map,,,,
98841,Omak,Okanogan,View Map,,,,
98844,Oroville,Okanogan,View Map,,,,
98846,Pateros,Okanogan,View Map,,,,
98849,Riverside,Okanogan,View Map,,,,
98855,Tonasket,Okanogan,View Map,,,,
98856,Twisp,Okanogan,View Map,,,,
98859,Wauconda,Okanogan,View Map,,,,
98862,Winthrop,Okanogan,View Map,,,,
98527,Bay Center,Pacific,View Map,,,,
98614,Chinook,Pacific,View Map,,,,
98624,Ilwaco,Pacific,View Map,,,,
98554,Lebam,Pacific,View Map,,,,
98631,Long Beach,Pacific,View Map,,,,
98561,Menlo,Pacific,View Map,,,,
98637,Nahcotta,Pacific,View Map,,,,
98638,Naselle,Pacific,View Map,,,,
98640,Ocean Park,Pacific,View Map,,,,
98641,Oysterville,Pacific,View Map,,,,
98577,Raymond,Pacific,View Map,,,,
98644,Seaview,Pacific,View Map,,,,
98586,South Bend,Pacific,View Map,,,,
98590,Tokeland,Pacific,View Map,,,,
99119,Cusick,Pend Oreille,View Map,,,,
99139,Ione,Pend Oreille,View Map,,,,
99152,Metaline,Pend Oreille,View Map,,,,
99153,Metaline Falls,Pend Oreille,View Map,,,,
99156,Newport,Pend Oreille,View Map,,,,
99180,Usk,Pend Oreille,View Map,,,,
98303,Anderson Island,Pierce,View Map,,,,
98304,Ashford,Pierce,View Map,,,,
98391,Bonney Lake,Pierce,View Map,,,,
98321,Buckley,Pierce,View Map,,,,
98430,Camp Murray,Pierce,View Map,,,,
98323,Carbonado,Pierce,View Map,,,,
98327,Dupont,Pierce,View Map,,,,
98328,Eatonville,Pierce,View Map,,,,
98330,Elbe,Pierce,View Map,,,,
98333,Fox Island,Pierce,View Map,,,,
98329,Gig Harbor,Pierce,View Map,,,,
98332,Gig Harbor,Pierce,View Map,,,,
98335,Gig Harbor,Pierce,View Map,,,,
98338,Graham,Pierce,View Map,,,,
98344,Kapowsin,Pierce,View Map,,,,
98348,La Grande,Pierce,View Map,,,,
98349,Lakebay,Pierce,View Map,,,,
98439,Lakewood,Pierce,View Map,,,,
98492,Lakewood,Pierce,View Map,,,,
98496,Lakewood,Pierce,View Map,,,,
98497,Lakewood,Pierce,View Map,,,,
98498,Lakewood,Pierce,View Map,,,,
98499,Lakewood,Pierce,View Map,,,,
98351,Longbranch,Pierce,View Map,,,,
98397,Longmire,Pierce,View Map,,,,
98438,Mcchord Afb,Pierce,View Map,,,,
98558,Mckenna,Pierce,View Map,,,,
98354,Milton,Pierce,View Map,,,,
98360,Orting,Pierce,View Map,,,,
98398,Paradise Inn,Pierce,View Map,,,,
98371,Puyallup,Pierce,View Map,,,,
98372,Puyallup,Pierce,View Map,,,,
98373,Puyallup,Pierce,View Map,,,,
98374,Puyallup,Pierce,View Map,,,,
98375,Puyallup,Pierce,View Map,,,,
98580,Roy,Pierce,View Map,,,,
98385,South Prairie,Pierce,View Map,,,,
98387,Spanaway,Pierce,View Map,,,,
98388,Steilacoom,Pierce,View Map,,,,
98352,Sumner,Pierce,View Map,,,,
98390,Sumner,Pierce,View Map,,,,
98401,Tacoma,Pierce,View Map,,,,
98402,Tacoma,Pierce,View Map,,,,
98403,Tacoma,Pierce,View Map,,,,
98404,Tacoma,Pierce,View Map,,,,
98405,Tacoma,Pierce,View Map,,,,
98406,Tacoma,Pierce,View Map,,,,
98407,Tacoma,Pierce,View Map,,,,
98408,Tacoma,Pierce,View Map,,,,
98409,Tacoma,Pierce,View Map,,,,
98411,Tacoma,Pierce,View Map,,,,
98412,Tacoma,Pierce,View Map,,,,
98413,Tacoma,Pierce,View Map,,,,
98415,Tacoma,Pierce,View Map,,,,
98416,Tacoma,Pierce,View Map,,,,
98417,Tacoma,Pierce,View Map,,,,
98418,Tacoma,Pierce,View Map,,,,
98419,Tacoma,Pierce,View Map,,,,
98421,Tacoma,Pierce,View Map,,,,
98422,Tacoma,Pierce,View Map,,,,
98424,Tacoma,Pierce,View Map,,,,
98431,Tacoma,Pierce,View Map,,,,
98433,Tacoma,Pierce,View Map,,,,
98442,Tacoma,Pierce,View Map,,,,
98443,Tacoma,Pierce,View Map,,,,
98444,Tacoma,Pierce,View Map,,,,
98445,Tacoma,Pierce,View Map,,,,
98446,Tacoma,Pierce,View Map,,,,
98447,Tacoma,Pierce,View Map,,,,
98448,Tacoma,Pierce,View Map,,,,
98450,Tacoma,Pierce,View Map,,,,
98455,Tacoma,Pierce,View Map,,,,
98460,Tacoma,Pierce,View Map,,,,
98464,Tacoma,Pierce,View Map,,,,
98465,Tacoma,Pierce,View Map,,,,
98466,Tacoma,Pierce,View Map,,,,
98471,Tacoma,Pierce,View Map,,,,
98477,Tacoma,Pierce,View Map,,,,
98481,Tacoma,Pierce,View Map,,,,
98490,Tacoma,Pierce,View Map,,,,
98493,Tacoma,Pierce,View Map,,,,
98467,University Place,Pierce,View Map,,,,
98394,Vaughn,Pierce,View Map,,,,
98395,Wauna,Pierce,View Map,,,,
98396,Wilkeson,Pierce,View Map,,,,
98222,Blakely Island,San Juan,View Map,,,,
98243,Deer Harbor,San Juan,View Map,,,,
98245,Eastsound,San Juan,View Map,,,,
98250,Friday Harbor,San Juan,View Map,,,,
98261,Lopez Island,San Juan,View Map,,,,
98279,Olga,San Juan,View Map,,,,
98280,Orcas,San Juan,View Map,,,,
98286,Shaw Island,San Juan,View Map,,,,
98297,Waldron,San Juan,View Map,,,,
98221,Anacortes,Skagit,View Map,,,,
98232,Bow,Skagit,View Map,,,,
98233,Burlington,Skagit,View Map,,,,
98235,Clearlake,Skagit,View Map,,,,
98237,Concrete,Skagit,View Map,,,,
98238,Conway,Skagit,View Map,,,,
98255,Hamilton,Skagit,View Map,,,,
98257,La Conner,Skagit,View Map,,,,
98263,Lyman,Skagit,View Map,,,,
98267,Marblemount,Skagit,View Map,,,,
98273,Mount Vernon,Skagit,View Map,,,,
98274,Mount Vernon,Skagit,View Map,,,,
98283,Rockport,Skagit,View Map,,,,
98284,Sedro Woolley,Skagit,View Map,,,,
98610,Carson,Skamania,View Map,,,,
98639,North Bonneville,Skamania,View Map,,,,
98648,Stevenson,Skamania,View Map,,,,
98651,Underwood,Skamania,View Map,,,,
98223,Arlington,Snohomish,View Map,,,,
98012,Bothell,Snohomish,View Map,,,,
98021,Bothell,Snohomish,View Map,,,,
98241,Darrington,Snohomish,View Map,,,,
98020,Edmonds,Snohomish,View Map,,,,
98026,Edmonds,Snohomish,View Map,,,,
98201,Everett,Snohomish,View Map,,,,
98203,Everett,Snohomish,View Map,,,,
98204,Everett,Snohomish,View Map,,,,
98205,Everett,Snohomish,View Map,,,,
98206,Everett,Snohomish,View Map,,,,
98207,Everett,Snohomish,View Map,,,,
98208,Everett,Snohomish,View Map,,,,
98213,Everett,Snohomish,View Map,,,,
98251,Gold Bar,Snohomish,View Map,,,,
98252,Granite Falls,Snohomish,View Map,,,,
98256,Index,Snohomish,View Map,,,,
98258,Lake Stevens,Snohomish,View Map,,,,
98036,Lynnwood,Snohomish,View Map,,,,
98037,Lynnwood,Snohomish,View Map,,,,
98046,Lynnwood,Snohomish,View Map,,,,
98087,Lynnwood,Snohomish,View Map,,,,
98270,Marysville,Snohomish,View Map,,,,
98271,Marysville,Snohomish,View Map,,,,
98082,Mill Creek,Snohomish,View Map,,,,
98272,Monroe,Snohomish,View Map,,,,
98043,Mountlake Terrace,Snohomish,View Map,,,,
98275,Mukilteo,Snohomish,View Map,,,,
98259,North Lakewood,Snohomish,View Map,,,,
98287,Silvana,Snohomish,View Map,,,,
98290,Snohomish,Snohomish,View Map,,,,
98291,Snohomish,Snohomish,View Map,,,,
98296,Snohomish,Snohomish,View Map,,,,
98292,Stanwood,Snohomish,View Map,,,,
98293,Startup,Snohomish,View Map,,,,
98294,Sultan,Snohomish,View Map,,,,
99001,Airway Heights,Spokane,View Map,,,,
99003,Chattaroy,Spokane,View Map,,,,
99004,Cheney,Spokane,View Map,,,,
99005,Colbert,Spokane,View Map,,,,
99006,Deer Park,Spokane,View Map,,,,
99009,Elk,Spokane,View Map,,,,
99011,Fairchild Air Force Base,Spokane,View Map,,,,
99012,Fairfield,Spokane,View Map,,,,
99014,Four Lakes,Spokane,View Map,,,,
99016,Greenacres,Spokane,View Map,,,,
99018,Latah,Spokane,View Map,,,,
99019,Liberty Lake,Spokane,View Map,,,,
99020,Marshall,Spokane,View Map,,,,
99021,Mead,Spokane,View Map,,,,
99022,Medical Lake,Spokane,View Map,,,,
99023,Mica,Spokane,View Map,,,,
99025,Newman Lake,Spokane,View Map,,,,
99026,Nine Mile Falls,Spokane,View Map,,,,
99027,Otis Orchards,Spokane,View Map,,,,
99030,Rockford,Spokane,View Map,,,,
99031,Spangle,Spokane,View Map,,,,
99201,Spokane,Spokane,View Map,,,,
99202,Spokane,Spokane,View Map,,,,
99203,Spokane,Spokane,View Map,,,,
99204,Spokane,Spokane,View Map,,,,
99205,Spokane,Spokane,View Map,,,,
99206,Spokane,Spokane,View Map,,,,
99207,Spokane,Spokane,View Map,,,,
99208,Spokane,Spokane,View Map,,,,
99209,Spokane,Spokane,View Map,,,,
99210,Spokane,Spokane,View Map,,,,
99211,Spokane,Spokane,View Map,,,,
99212,Spokane,Spokane,View Map,,,,
99213,Spokane,Spokane,View Map,,,,
99214,Spokane,Spokane,View Map,,,,
99215,Spokane,Spokane,View Map,,,,
99216,Spokane,Spokane,View Map,,,,
99217,Spokane,Spokane,View Map,,,,
99218,Spokane,Spokane,View Map,,,,
99219,Spokane,Spokane,View Map,,,,
99220,Spokane,Spokane,View Map,,,,
99223,Spokane,Spokane,View Map,,,,
99224,Spokane,Spokane,View Map,,,,
99228,Spokane,Spokane,View Map,,,,
99251,Spokane,Spokane,View Map,,,,
99252,Spokane,Spokane,View Map,,,,
99256,Spokane,Spokane,View Map,,,,
99258,Spokane,Spokane,View Map,,,,
99260,Spokane,Spokane,View Map,,,,
99299,Spokane,Spokane,View Map,,,,
99036,Valleyford,Spokane,View Map,,,,
99037,Veradale,Spokane,View Map,,,,
99039,Waverly,Spokane,View Map,,,,
99101,Addy,Stevens,View Map,,,,
99109,Chewelah,Stevens,View Map,,,,
99110,Clayton,Stevens,View Map,,,,
99114,Colville,Stevens,View Map,,,,
99126,Evans,Stevens,View Map,,,,
99013,Ford,Stevens,View Map,,,,
99129,Fruitland,Stevens,View Map,,,,
99131,Gifford,Stevens,View Map,,,,
99137,Hunters,Stevens,View Map,,,,
99141,Kettle Falls,Stevens,View Map,,,,
99148,Loon Lake,Stevens,View Map,,,,
99151,Marcus,Stevens,View Map,,,,
99157,Northport,Stevens,View Map,,,,
99167,Rice,Stevens,View Map,,,,
99173,Springdale,Stevens,View Map,,,,
99034,Tumtum,Stevens,View Map,,,,
99181,Valley,Stevens,View Map,,,,
99040,Wellpinit,Stevens,View Map,,,,
98530,Bucoda,Thurston,View Map,,,,
98540,East Olympia,Thurston,View Map,,,,
98503,Lacey,Thurston,View Map,,,,
98509,Lacey,Thurston,View Map,,,,
98556,Littlerock,Thurston,View Map,,,,
98501,Olympia,Thurston,View Map,,,,
98502,Olympia,Thurston,View Map,,,,
98504,Olympia,Thurston,View Map,,,,
98505,Olympia,Thurston,View Map,,,,
98506,Olympia,Thurston,View Map,,,,
98507,Olympia,Thurston,View Map,,,,
98508,Olympia,Thurston,View Map,,,,
98512,Olympia,Thurston,View Map,,,,
98513,Olympia,Thurston,View Map,,,,
98516,Olympia,Thurston,View Map,,,,
98599,Olympia,Thurston,View Map,,,,
98576,Rainier,Thurston,View Map,,,,
98579,Rochester,Thurston,View Map,,,,
98589,Tenino,Thurston,View Map,,,,
98511,Tumwater,Thurston,View Map,,,,
98597,Yelm,Thurston,View Map,,,,
98612,Cathlamet,Wahkiakum,View Map,,,,
98621,Grays River,Wahkiakum,View Map,,,,
98643,Rosburg,Wahkiakum,View Map,,,,
98647,Skamokawa,Wahkiakum,View Map,,,,
99323,Burbank,Walla Walla,View Map,,,,
99324,College Place,Walla Walla,View Map,,,,
99329,Dixie,Walla Walla,View Map,,,,
99348,Prescott,Walla Walla,View Map,,,,
99360,Touchet,Walla Walla,View Map,,,,
99361,Waitsburg,Walla Walla,View Map,,,,
99362,Walla Walla,Walla Walla,View Map,,,,
99363,Wallula,Walla Walla,View Map,,,,
98220,Acme,Whatcom,View Map,,,,
98225,Bellingham,Whatcom,View Map,,,,
98226,Bellingham,Whatcom,View Map,,,,
98227,Bellingham,Whatcom,View Map,,,,
98228,Bellingham,Whatcom,View Map,,,,
98229,Bellingham,Whatcom,View Map,,,,
98230,Blaine,Whatcom,View Map,,,,
98231,Blaine,Whatcom,View Map,,,,
98240,Custer,Whatcom,View Map,,,,
98244,Deming,Whatcom,View Map,,,,
98247,Everson,Whatcom,View Map,,,,
98248,Ferndale,Whatcom,View Map,,,,
98262,Lummi Island,Whatcom,View Map,,,,
98264,Lynden,Whatcom,View Map,,,,
98266,Maple Falls,Whatcom,View Map,,,,
98276,Nooksack,Whatcom,View Map,,,,
98281,Point Roberts,Whatcom,View Map,,,,
98295,Sumas,Whatcom,View Map,,,,
99102,Albion,Whitman,View Map,,,,
99104,Belmont,Whitman,View Map,,,,
99111,Colfax,Whitman,View Map,,,,
99113,Colton,Whitman,View Map,,,,
99125,Endicott,Whitman,View Map,,,,
99128,Farmington,Whitman,View Map,,,,
99130,Garfield,Whitman,View Map,,,,
99136,Hay,Whitman,View Map,,,,
99333,Hooper,Whitman,View Map,,,,
99143,Lacrosse,Whitman,View Map,,,,
99017,Lamont,Whitman,View Map,,,,
99149,Malden,Whitman,View Map,,,,
99158,Oakesdale,Whitman,View Map,,,,
99161,Palouse,Whitman,View Map,,,,
99163,Pullman,Whitman,View Map,,,,
99164,Pullman,Whitman,View Map,,,,
99165,Pullman,Whitman,View Map,,,,
99170,Rosalia,Whitman,View Map,,,,
99171,Saint John,Whitman,View Map,,,,
99174,Steptoe,Whitman,View Map,,,,
99033,Tekoa,Whitman,View Map,,,,
99176,Thornton,Whitman,View Map,,,,
99179,Uniontown,Whitman,View Map,,,,
98920,Brownstown,Yakima,View Map,,,,
98921,Buena,Yakima,View Map,,,,
98923,Cowiche,Yakima,View Map,,,,
98929,Goose Prairie,Yakima,View Map,,,,
98930,Grandview,Yakima,View Map,,,,
98932,Granger,Yakima,View Map,,,,
98933,Harrah,Yakima,View Map,,,,
98935,Mabton,Yakima,View Map,,,,
98936,Moxee,Yakima,View Map,,,,
98937,Naches,Yakima,View Map,,,,
98938,Outlook,Yakima,View Map,,,,
98939,Parker,Yakima,View Map,,,,
98942,Selah,Yakima,View Map,,,,
98944,Sunnyside,Yakima,View Map,,,,
98947,Tieton,Yakima,View Map,,,,
98948,Toppenish,Yakima,View Map,,,,
98951,Wapato,Yakima,View Map,,,,
98952,White Swan,Yakima,View Map,,,,
98901,Yakima,Yakima,View Map,,,,
98902,Yakima,Yakima,View Map,,,,
98903,Yakima,Yakima,View Map,,,,
98904,Yakima,Yakima,View Map,,,,
98907,Yakima,Yakima,View Map,,,,
98908,Yakima,Yakima,View Map,,,,
98909,Yakima,Yakima,View Map,,,,
98953,Zillah,Yakima,View Map,,,,
732,493,39,,51,,,
